ADC54929.1	1
WP_123907704.1	1
WP_162648787.1	1
ADX97403.1	2
AFE83402.1	2
WP_001300154	2
MBC0644557.1	2
EAW8700323.1	2
MHX33700.1	2
WP_130830735.1	2
AHB32715.1	3
AHB32637.1	3
WP_101210808.1	3
WP_219299372.1	3
WP_017401298.1	3
WP_105245009.1	3
WP_125825022.1	3
WP_144917748.1	3
WP_060490610.1	3
KGH46518.1	3
WP_168382153.1	3
WP_171537823.1	3
QIC62912.1	3
WP_100907999.1	3
MCE0103418.1	3
WP_180079750.1	3
WP_180085977.1	3
WP_073511821.1	3
WP_168401718.1	3
WP_159336482.1	3
WP_131324271.1	3
WP_163049471.1	3
WP_161420062.1	3
WP_168384767.1	3
TCB46542.1	3
WP_207969361.1	3
WP_201555912.1	3
WP_086398835.1	3
WP_197218336.1	3
WP_180025383.1	3
WP_227514005.1	3
WP_087013699.1	3
WP_021506308.1	3
EHU1307238.1	3
WP_113990956.1	3
MBC4371064.1	3
BAQ01533.1	4
WP_211829151.1	4
WP_158642110.1	4
WP_208852792.1	4
WP_036795719.1	4
WP_146143458.1	4
WP_087852095.1	4
EGR4247695.1	4
WP_049203096.1	4
CAI32973.1	5
CAI32993.1	5
CAI33011.1	5
CAI33029.1	5
WP_032495937.1	5
QCO92056.1	5
KXT82432.1	5
NQM30475.1	5
APZ79098.1	5
WP_024414175.1	5
WP_018372881.1	5
AAM27595	6
WP_133247576.1	6
WP_092144884.1	6
MBN0979056.1	6
WP_078834531.1	6
KPF68697.1	6
MBT9493227.1	6
WP_123809532.1	6
PUB44374.1	6
WP_042926927.1	6
WP_157831763.1	6
WP_221605901.1	6
MCD5987016.1	6
WP_117001877.1	6
OYO31193.1	6
MBC3936346.1	6
AKA20935.1	7
AKA20966.1	7
AKL88154.1	7
AAY23739.1	7
AAY23733.1	7
AAY23745.1	7
BAQ01935.1	7
BAQ02177.1	7
BAQ02105	7
BAQ00945	7
WP_000549530.1	7
MIR30034.1	7
WP_181242426.1	7
BCL43580.1	7
WP_137377208.1	7
GBE69150.1	7
WP_219260536.1	7
EDW5186900.1	7
MXG78602.1	7
WP_057647482.1	7
WP_050116911.1	7
VDZ65126.1	7
WP_107225999.1	7
WP_021567303.1	7
EBD0800919.1	7
ADI43263.1	8
EEW0749544.1	8
ANK02212.1	8
WP_059307571.1	8
WP_156654859.1	8
HAT2218579.1	8
AHB32687.1	9
BAQ01743.1	9
WP_071557527.1	9
WP_135704740.1	9
WP_049241299.1	9
EGM8550299.1	9
MBN5318929.1	9
QDI17963.1	9
WP_164171092.1	9
QDI32442.1	9
AYZ32262.1	9
WP_072070334.1	9
WP_074189167.1	9
WP_077270733.1	9
WP_075808362.1	9
WP_074186610.1	9
WP_019454398.1	9
WP_088883777.1	9
WP_086266782.1	9
MBP1128771.1	9
WP_161505311.1	9
WP_080479055.1	9
WP_131073326.1	9
AAD44158.1	10
BAH24292.1	10
WP_001230642.1	10
WP_222662853.1	10
WP_061279311.1	10
WP_219142352.1	10
AAM27560	11
AAM27711	11
RPP47857.1	11
WP_154745360.1	11
WP_055136846.1	11
WP_198864114.1	11
WP_174142560.1	11
WP_169199804.1	11
WP_208134250.1	11
WP_131592657.1	11
WP_104670081.1	11
WP_008022995.1	11
WP_152117937.1	11
WP_046041222.1	11
TXH59276.1	11
WP_122543226.1	11
WP_092414598.1	11
WP_090143106.1	11
WP_148169455.1	11
WP_224788146.1	11
NCQ11007.1	11
MBX3705066.1	11
MBB4988112.1	11
WP_082446592.1	11
WP_130027507.1	11
WP_124345257.1	11
OLB91251.1	11
WP_214496379.1	11
WP_187516328.1	11
WP_137923182.1	11
WP_098495516.1	11
WP_096611936.1	11
ACF61556.1	12
ACF69242.1	12
WP_000055605.1	12
ACF89798.1	12
ACH50550.1	12
ACH73921.1	12
EEC0833043.1	12
WP_211935026.1	12
WP_103780518.1	12
WP_198447881.1	12
WP_079935198.1	12
WP_200041718.1	12
AFG42740.1	12
WP_064561603.1	12
WP_120066165.1	12
WP_133523143.1	12
MBM6608576.1	12
WP_222889099.1	12
WP_160743207.1	12
WP_181621412.1	12
WP_049839519.1	12
WP_103825323.1	12
WP_039289216.1	12
WP_085006393.1	12
WP_159466150.1	12
WP_090465544.1	12
WP_097164554.1	12
WP_017459722.1	12
WP_202307627.1	12
WP_061706571.1	12
WP_139883141.1	12
WP_141416519.1	12
WP_006816621.1	12
WP_165466376.1	12
WP_123350492.1	12
WP_123758120.1	12
WP_167614800.1	12
WP_112012634.1	12
WP_124970857.1	12
WP_079517127.1	12
WP_064327914.1	12
WP_049858392.1	12
WP_194401850.1	12
WP_166718554.1	12
WP_188724471.1	12
WP_108476918.1	12
WP_154747370.1	12
WP_046374747.1	12
WP_061808159.1	12
WP_013368182.1	12
MCA1924351.1	12
WP_039055064.1	12
WP_095283898.1	12
WP_050556253.1	12
WP_064546419.1	12
NWA45370.1	12
VTM23345.1	12
WP_031523759.1	12
WP_062777376.1	12
AMO51170.1	12
WP_188475122.1	12
WP_024551628.1	12
VXC45129.1	12
WP_194565075.1	12
WP_024484177.1	12
WP_049600781.1	12
WP_148052002.1	12
WP_118984699.1	12
WP_137764670.1	12
VTN07949.1	12
WP_048254826.1	12
WP_042526468.1	12
WP_017800649.1	12
WP_120509241.1	12
WP_145511597.1	12
WP_101079458.1	12
WP_122096511.1	12
WP_101826649.1	12
WP_200223338.1	12
WP_109054845.1	12
WP_057533317.1	12
WP_005969152.1	12
WP_113866050.1	12
WP_136166744.1	12
WP_047254900.1	12
WP_015344130.1	12
WP_199378639.1	12
WP_050143424.1	12
WP_095835336.1	12
WP_132456480.1	12
WP_172908505.1	12
WP_099124150.1	12
WP_092508507.1	12
WP_008914057.1	12
WP_154624228.1	12
WP_074022745.1	12
MBD2811743.1	12
CEE90143.1	12
WP_115825347.1	12
WP_187653196.1	12
WP_219244963.1	12
WP_092516713.1	12
WP_006658200.1	12
WP_189759395.1	12
WP_115065029.1	12
MBS6058875.1	12
WP_112837585.1	12
WP_169405391.1	12
WP_187486611.1	12
WP_038248500.1	12
WP_200547535.1	12
CDS56727.1	12
WP_004089272.1	12
WP_069317285.1	12
KQN51106.1	12
WP_084912505.1	12
MBD2800632.1	12
WP_004154923.1	12
WP_068439750.1	12
WP_137714898.1	12
WP_159338533.1	12
WP_185166483.1	12
NDJ55457.1	12
WP_130590107.1	12
NUU68743.1	12
WP_045049788.1	12
WP_141177656.1	12
WP_047782379.1	12
PIJ55442.1	12
WP_158784325.1	12
WP_154754477.1	12
WP_159567402.1	12
WP_212409480.1	12
WP_021013515.1	12
WP_222158881.1	12
WP_021183785.1	12
WP_094101268.1	12
WP_067422821.1	12
WP_039329212.1	12
AXF77857.1	12
MBG6242700.1	12
MBK4715001.1	12
WP_206404784.1	12
WP_064596876.1	12
WP_115460107.1	12
WP_150437115.1	12
KLO03543.1	12
MBV4369192.1	12
WP_032114333.1	12
WP_026822651.1	12
WP_130987539.1	12
WP_064738167.1	12
WP_154775903.1	12
WP_195314428.1	12
WP_198089401.1	12
WP_072550400.1	12
WP_026743718.1	12
WP_094107823.1	12
WP_033754568.1	12
WP_154929008.1	12
WP_058758106.1	12
MCE0491664.1	12
WP_078004072.1	12
WP_047709225.1	12
WP_205438975.1	12
WP_034948584.1	12
WP_132923818.1	12
WP_193406279.1	12
WP_130833146.1	12
WP_031375049.1	12
WP_066597501.1	12
WP_017345728.1	12
WP_150013267.1	12
WP_092878711.1	12
WP_039381732.1	12
WP_172898156.1	12
ADD75324.1	12
WP_205953783.1	12
WP_025904156.1	12
WP_038015439.1	12
WP_168641795.1	12
WP_099823054.1	12
WP_226510002.1	12
WP_127959510.1	12
WP_071432571.1	12
WP_042861457.1	12
EFA48078.1	12
WP_027710643.1	12
CRK85745.1	12
STP23199.1	12
TNG91876.1	12
WP_125260974.1	12
WP_012763851.1	12
WP_185181426.1	12
WP_051434129.1	12
WP_223691675.1	12
WP_181893785.1	12
WP_197050927.1	12
WP_208790016.1	12
KAE9536243.1	12
WP_157403593.1	12
WP_153985700.1	12
KDD78543.1	12
WP_009874557.1	12
WP_078237534.1	12
WP_229583610.1	12
WP_064082387.1	12
WP_188157335.1	12
QIM63804.1	12
WP_226318093.1	12
WP_138317707.1	12
WP_178219271.1	12
WP_207906504.1	12
WP_135056216.1	12
WP_042801688.1	12
WP_111749808.1	12
OAQ13713.1	12
AHB32215.1	13
AHB32861.1	13
AHB32799.1	13
WP_208753426.1	13
WP_200461111.1	13
WP_125523459.1	13
WP_071211484.1	13
WP_180134905.1	13
HAV5950902.1	13
WP_120368242.1	13
WP_067551204.1	13
WP_187652516.1	13
WP_039194764.1	13
WP_110091477.1	13
WP_198475480.1	13
WP_171536897.1	13
WP_171541174.1	13
WP_004723499.1	13
WP_150378230.1	13
WP_199935042.1	13
BAQ01563.1	14
HAZ4812282.1	14
WP_181879881.1	14
MCE2009748.1	14
EFI6978175.1	14
MBE4990227.1	14
WP_191932879.1	14
BAQ02031.1	15
AFW04696.1	15
WP_097727540.1	15
ECJ5920515.1	15
WP_031605499.1	15
WP_166862897.1	15
WP_135321404.1	15
WP_149616341.1	15
AAC45844.1	16
WP_204161416.1	16
WP_202951928.1	16
WP_117343289.1	16
WP_172807020.1	16
HBK0715647.1	16
WP_115625701.1	16
WP_203463510.1	16
CAI34008.1	17
WP_005823552.1	17
WP_061830633.1	17
WP_055265026.1	17
NFG65041.1	17
WP_118741802.1	17
OUN47551.1	17
ACA24739.1	18
AAL27327.1	18
WP_107135449.1	18
WP_047027453.1	18
WP_063412373.1	18
AXU94489.1	18
WP_099031863.1	18
BAQ00846.1	19
AFW04741.1	19
EEC0943439.1	19
EHX2146157.1	19
WP_086550147.1	19
EGO7643417.1	19
EAT3490823.1	19
ABX51880.1	20
WP_105540084.1	20
WP_175568833.1	20
WP_125913293.1	20
EJL89599.1	20
KZP55798.1	20
WP_128601560.1	20
CAI34269.1	21
HBZ53068.1	21
WP_004230030.1	21
WP_012263249.1	21
WP_117516703.1	21
WP_049500314.1	21
WP_019769333.1	21
WP_226396572.1	21
WP_074732315.1	21
WP_215633174.1	21
VMG48693.1	21
WP_018167255.1	21
WP_186600830.1	21
NQJ69172.1	21
WP_146496265.1	21
WP_044470582.1	21
BAQ01207.1	22
WP_135300949.1	22
WP_050111601.1	22
MBS6057122.1	22
AHB32666.1	23
AHB32888.2	23
AHB32746.2	23
AHB32334.1	23
WP_042009273.1	23
WP_212899018.1	23
WP_098714362.1	23
WP_180116289.1	23
WP_126053840.1	23
WP_151741735.1	23
WP_032067856.1	23
PAR82598.1	23
WP_221255378.1	23
WP_180139496.1	23
WP_015781963.1	23
WP_205667377.1	23
WP_138155551.1	23
WP_180138626.1	23
WP_104504119.1	23
WP_151795245.1	23
WP_212259750.1	23
ADC54957.1	24
WP_107191832.1	24
MCD9508247.1	24
PST96423.1	24
WP_191238328.1	24
EKI39969.1	25
BAK68980.1	25
EKK44895.1	25
BAK69191.1	25
BAK69033.1	25
AAC32340.1	25
EKI95922.1	25
AAV34494.1	25
AAV34507.1	25
WP_024165680.1	25
ESF77981.1	25
ADC54950.1	26
BAQ00669.1	26
BAQ01732.1	26
BAQ00687.1	26
WP_222112393.1	26
WP_024242467.1	26
ECC1659034.1	26
ORS46201.1	26
HAW0456399.1	26
WP_077227879.1	26
WP_214095740.1	26
WP_125274477.1	26
WP_195728452.1	26
WP_163169866.1	26
WP_128578354.1	26
ABK27355.1	27
ABK27354.1	27
ABK27351.1	27
BAI31288.1	27
ABK27350.1	27
ABK27321.1	27
ABK27352.1	27
QGR65453.1	27
WP_096948745.1	27
EGP3684118.1	27
WP_048888089.1	27
WP_114314523.1	27
WP_080225232.1	27
WP_205541739.1	27
WP_049604535.1	27
WP_130954016.1	27
BAQ01024.1	28
BAQ00622.1	28
AQU71752.1	28
AQU71805.1	28
AFW04883.1	28
WP_053877103.1	28
WP_112164390.1	28
WP_063927837.1	28
PKB90879.1	28
EGQ5166340.1	28
WP_217149407.1	28
WP_033740460.1	28
WP_104920314.1	28
WP_138211467.1	28
CAD6048725.1	28
WP_061355856.1	28
WP_105278937.1	28
WP_105282781.1	28
WP_220758286.1	28
WP_089723541.1	28
EFN4116306.1	28
AAA97573.1	29
AAC45857.1	29
AAM27728	29
AAM27801	29
AAM27662	29
AAM27693	29
AAM27748	29
WP_003124381.1	29
WP_139146841.1	29
QRI84586.1	29
WP_155950766.1	29
WP_220632393.1	29
WP_188036525.1	29
WP_177328444.1	29
WP_166674225.1	29
WP_155417157.1	29
WP_177431709.1	29
WP_153387843.1	29
WP_141218031.1	29
WP_144244127.1	29
AIG62684.1	30
WP_208483579.1	30
HBL6077713.1	30
WP_146197665.1	30
BAQ01598.1	31
WP_038349068.1	31
WP_023277253.1	31
WP_083881261.1	31
WP_047282573.1	31
AHB32510.1	32
WP_151813475.1	32
QKU20273.1	32
AAT77177.1	33
BAQ00569.1	33
WP_062896594.1	33
WP_053007635.1	33
WP_213133975.1	33
WP_162774178.1	33
WP_004801797.1	33
WP_201707009.1	33
NIG76477.1	33
WP_138154056.1	33
EEI7683115.1	33
WP_048980186.1	33
CAI33817.1	34
WP_230341227.1	34
WP_115255088.1	34
WP_001222819.1	34
MBR7000834.1	34
WP_188728410.1	34
WP_132008325.1	34
WP_223253045.1	34
WP_071303441.1	34
MBN9216259.1	34
AHB32357.1	35
WP_001244596.1	35
WP_159885601.1	35
NMR26814.1	35
WP_147822850.1	35
CAI33515.1	36
CAI33491.1	36
WP_094661747.1	36
WP_118168890.1	36
MBQ8541043.1	36
OYL07744.1	36
WP_161234366.1	36
MCE2282231.1	36
WP_009854069.1	36
QCO71451.1	36
WP_074559849.1	36
WP_143248660.1	36
ACD37026.1	37
EGD8570544.1	37
WP_110870355.1	37
WP_181669008.1	37
WP_205066171.1	37
WP_050871167.1	37
WP_119938544.1	37
MIA78463.1	37
BAQ00975.1	38
EFN5993533.1	38
EGW82555.1	38
WP_063665672.1	38
WP_129541317.1	38
WP_155271364.1	38
MBY8121143.1	38
EGR3322785.1	38
EEV8111732.1	38
AHB32538.1	39
ACD37157.1	39
BAQ01494.1	39
AFS33314.1	39
WP_021523152.1	39
WP_177711736.1	39
WP_180562595.1	39
WP_077249319.1	39
WP_149012917.1	39
AXZ00060.1	39
SPW30950.1	39
WP_068908271.1	39
WP_181317943.1	39
WP_000610985.1	39
WP_044423368.1	39
WP_202724746.1	39
RSP53952.1	39
WP_180644555.1	39
CAI33610.1	40
CAI33537.1	40
CAI33561.1	40
CAI33585.1	40
VOG14504.1	40
WP_050260163.1	40
WP_075231287.1	40
WP_033680701.1	40
AQU71717.1	41
AQU71739.1	41
AFW04812.1	41
WP_196350619.1	41
WP_075370738.1	41
EAU0023031.1	41
EHN5991182.1	41
EDV9722052.1	41
ACD37086.1	42
ACD37078.1	42
MQJ27365.1	42
WP_123306267.1	42
AFC91472.1	43
AFC91514.1	43
AAO39700.1	43
AFC91570.1	43
AAR97964.1	43
TYA02932.1	43
WP_133295826.1	43
WP_148516510.1	43
WP_054895408.1	43
WP_182927545.1	43
MBR9870835.1	43
QNF23742.1	43
WP_180501315.1	43
AFV46136.1	44
WP_207967755.1	44
WP_038197792.1	44
HBC9557793.1	44
WP_071842993.1	44
BAQ01169.1	45
ACA24803.1	45
ACA24792.1	45
WP_199371631.1	45
EFC9838517.1	45
WP_214623736.1	45
WP_129995412.1	45
MCE1439271.1	45
EGQ4820835.1	45
WP_072203073.1	45
WP_157700013.1	45
MQK37483.1	45
CAI33412.1	46
CAI33343.1	46
VSN79485.1	46
WP_207737042.1	46
MBE6760335.1	46
RGT09300.1	46
WP_163052333.1	46
HJG68077.1	46
ADN43883.1	47
EES4628707.1	47
ACD37014.1	48
ACD37006.1	48
WP_226860973.1	48
WP_226149070.1	48
WP_181199122.1	48
WP_162627179.1	48
BAQ01675.1	49
ACD37126.1	49
WP_038420104.1	49
OXU41230.1	49
WP_112032556.1	49
WP_021555519.1	49
WP_221716884.1	49
WP_121528001.1	49
WP_126815147.1	49
WP_103677068.1	49
WP_159082270.1	49
WP_103674172.1	49
WP_086528087.1	49
WP_102961581.1	49
WP_226342182.1	49
ABI98976.1	50
WP_046788607.1	50
WP_000456161.1	50
EFI3676002.1	50
WP_045338351.1	50
WP_210599843.1	50
BAQ01293.1	51
HBD4964601.1	51
WP_105228541.1	51
QHR93353.1	51
WP_100779629.1	51
CAI34369.1	52
WP_007555917.1	52
WP_214262767.1	52
WP_221160437.1	52
WP_067062316.1	52
WP_045613605.1	52
WP_049476456.1	52
WP_006146365.1	52
WP_000724385.1	52
WP_023946619.1	52
WP_117744806.1	52
AAN64568.1	52
WP_195214229.1	52
WP_125457431.1	52
MBS5220555.1	52
WP_003092555.1	52
MBS5425265.1	52
WP_084939330.1	52
WP_061852905.1	52
WP_223340012.1	52
WP_195969014.1	52
WP_201062630.1	52
WP_080612042.1	52
WP_000915514.1	52
WP_125373053.1	52
WP_060976477.1	52
WP_002905539.1	52
WP_179925580.1	52
CAI32823.1	53
CAI32843.1	53
CAI33700.1	53
CAI33631.1	53
WP_061755395.1	53
WP_050259364.1	53
WP_217813338.1	53
WP_118552738.1	53
WP_110074496.1	53
WP_015392664.1	53
WP_137663709.1	53
WP_010779746.1	53
WP_161169319.1	53
WP_061384080.1	53
VOS41126.1	53
WP_113860531.1	53
WP_044693603.1	53
CMX58981.1	53
WP_172980634.1	53
WP_199574959.1	53
MBS8088733.1	53
MBP3198577.1	53
WP_144356771.1	53
WP_013851745.1	53
BAQ01266.1	54
WP_053880137.1	54
WP_191228508.1	54
WP_004089593.1	54
WP_131020948.1	54
CAI33309.1	55
CAI34080.1	55
CAI34348.1	55
CAI34286.1	55
CAI34310.1	55
CAI34328.1	55
CAI34519.1	55
CAI34657.1	55
WP_050147838.1	55
WP_125389915.1	55
WP_050230461.1	55
WP_223328937.1	55
WP_050218691.1	55
WP_006152879.1	55
CAC82946.1	55
WP_000780144.1	55
WP_084953394.1	55
WP_084947228.1	55
ETJ08071.1	55
WP_000023099.1	55
WP_070841982.1	55
WP_068811526.1	55
WP_165329393.1	55
WP_002998013.1	55
WP_058621698.1	55
WP_158454372.1	55
WP_179923799.1	55
WP_195956714.1	55
NQG19797.1	55
WP_018369774.1	55
WP_018374869.1	55
WP_059086088.1	55
NQN92292.1	55
WP_195567330.1	55
MCD7835382.1	55
WP_102189987.1	55
KXB58382.1	55
ENZ13517.1	55
MBD8966718.1	55
MCD7750519.1	55
MBE6924328.1	55
WP_070679020.1	55
WP_049510374.1	55
PMC48004.1	55
AAM27782	56
WP_015649176.1	56
MBN0969750.1	56
WP_079385043.1	56
AKA20981.1	57
AKA20999.1	57
CAX18360.1	57
WP_033849664.1	57
WP_141239803.1	57
OYU06330.1	57
WP_000905563.1	58
AAO68867.1	58
AAV77445.1	58
CAR59582.1	58
CAR37642.1	58
AAL20257.1	58
WP_070146539.1	58
EBX1463462.1	58
EBU3372668.1	58
WP_094790505.1	58
WP_200085389.1	58
WP_200010230.1	58
MBS1204988.1	58
WP_180862528.1	58
WP_051623239.1	58
WP_139176340.1	58
PYX48738.1	58
WP_156368601.1	58
PYX76274.1	58
MBZ5685914.1	58
WP_147647580.1	58
AAO37701.1	59
WP_024244058.1	59
EGT0664115.1	59
EHY2898346.1	59
WP_059276126.1	59
WP_128612299.1	59
WP_200923010.1	59
CDF66396.1	60
WP_112139266.1	60
MBX3588579.1	60
MBX3657245.1	60
MBA3056440.1	60
WP_150127708.1	60
WP_025250132.1	60
WP_150584134.1	60
WP_146188513.1	60
ACA24852.1	61
ACA24840.1	61
WP_061554685.1	61
WP_131391565.1	61
WP_119176528.1	61
AEH27473.1	61
NCH61700.1	61
WP_104085182.1	61
WP_050290320.1	61
AAT85653.1	62
WP_228340356.1	62
WP_150146757.1	62
WP_162896922.1	62
WP_172912940.1	62
WP_194400639.1	62
WP_063146256.1	62
WP_176019005.1	62
WP_070076696.1	62
WP_219343564.1	62
QNY06381.1	62
ADJ19217.1	63
WP_159135012.1	63
WP_196208739.1	63
WP_107250860.1	63
WP_136979491.1	63
WP_141178709.1	63
ACH97162.1	64
VEB76576.1	64
WP_149335172.1	64
EAX1602471.1	64
EEJ4373330.1	64
HAI2445591.1	64
EBI0040023.1	64
MBD2820339.1	64
SUC15933.1	64
BAQ00879.1	65
WP_228598439.1	65
WP_126327789.1	65
WP_198120657.1	65
WP_132576810.1	65
SDH61519.1	65
AAZ85713.1	66
AAM27615	66
WP_179028125.1	66
OII57818.1	66
WP_039615093.1	66
MBD3843238.1	66
WP_143606027.1	66
WP_157896939.1	66
WP_021577644.1	66
WP_209872022.1	66
WP_161774127.1	66
MCB4205435.1	66
WP_098386379.1	66
WP_023108549.1	66
WP_102563394.1	66
HHV75500.1	66
AHB32832.1	67
WP_017400312.1	67
WP_081408856.1	67
AFW04828.1	68
HAU3222088.1	68
EDZ3597582.1	68
WP_211887636.1	68
WP_218077903.1	68
WP_124740822.1	68
WP_006816206.1	68
WP_171273537.1	68
AQU71788.1	69
AFW04860.1	69
EHJ4093881.1	69
WP_079793774.1	69
HAU3265253.1	69
BAQ00795.1	70
WP_126374421.1	70
WP_163135203.1	70
WP_111312171.1	70
MBS6009095.1	70
WP_005758935.1	70
WP_176808882.1	70
WP_109083557.1	70
WP_007525403.1	70
WP_197544497.1	70
WP_005820285.1	70
WP_077423648.1	70
WP_077495457.1	70
WP_205765792.1	70
WP_202937619.1	70
WP_135094522.1	70
WP_077415654.1	70
WP_077421628.1	70
WP_116631340.1	70
WP_226691233.1	70
WP_148340743.1	70
WP_077584019.1	70
WP_109858955.1	70
WP_123955884.1	70
WP_115249400.1	70
WP_107187151.1	70
WP_047977566.1	70
WP_115003347.1	70
WP_157393810.1	70
WP_050516574.1	70
AAP95770.1	70
WP_005756390.1	70
WP_046338337.1	70
WP_157403397.1	70
WP_229509720.1	70
HBO39117.1	70
WP_039196197.1	70
WP_132022614.1	70
WP_154610449.1	70
WP_101775131.1	70
WP_115299623.1	70
WP_064318861.1	70
WP_025235507.1	70
WP_025342334.1	70
WP_042802418.1	70
WP_021280093.1	70
CAN87666.1	71
WP_021540612.1	71
HAS8352223.1	71
TRY04558.1	71
CAI33862.1	72
CAI33840.1	72
WP_115256329.1	72
WP_001826717.1	72
VMO60215.1	72
WP_012961878.1	72
WP_000172819.1	72
WP_011922117.1	72
WP_105126534.1	72
WP_167588632.1	72
WP_048345613.1	72
WP_081539118.1	72
WP_103241600.1	72
WP_227749927.1	72
MCD8003154.1	72
BAQ00705.1	73
WP_021540005.1	73
WP_049008294.1	73
EFE7997203.1	73
WP_045629819.1	73
WP_200442891.1	73
WP_106902180.1	73
EHN8899694.1	73
CAI34587.1	74
WP_050243748.1	74
WP_105139274.1	74
ADN43838.1	75
EFK4032291.1	75
WP_072277377.1	75
AHB32774.1	76
AHB32438.2	76
WP_202746102.1	76
WP_109123338.1	76
WP_098721664.1	76
WP_032037098.1	76
WP_064792751.1	76
WP_228704202.1	76
MWQ21883.1	76
ACD37165.1	77
ACD37173.1	77
ACD37181.1	77
BAQ02259.1	77
WP_004016722.1	77
WP_130221809.1	77
WP_075180897.1	77
WP_203358138.1	77
WP_052246191.1	77
WP_064559454.1	77
EIQ0040716.1	77
QLK60821.1	77
ACD37138.1	78
ACD37146.1	78
ACD37105.1	78
EHQ8142854.1	78
WP_000273730.1	78
WP_213314192.1	78
WP_226311469.1	78
ADR74237.1	79
HAW4209831.1	79
WP_161706207.1	79
WP_086467195.1	79
WP_167570229.1	79
CBN82200.1	80
ADI77033.1	80
WP_225375155.1	80
EAZ5150397.1	80
AXL04919.1	80
NMM06712.1	80
WP_012435032.1	80
WP_001752773.1	80
WP_086529370.1	80
WP_218737106.1	80
WP_182271963.1	80
WP_144244972.1	80
WP_156265155.1	80
WP_063408423.1	80
WP_099296807.1	80
WP_220491378.1	80
CAD19991.1	81
WP_000864940	81
ADT75640.1	81
AFW04706.1	81
EHQ5249121.1	81
EGT0678982.1	81
WP_210904601.1	81
WP_071685290.1	81
MBJ3591050.1	81
AER84924.1	81
ECD9549392.1	81
AAL27351.1	82
WP_115438839.1	82
CAB63298.1	83
AKA20948.1	83
ACV52983.1	83
ACV53000.1	83
BAQ01843.1	83
QES97472.1	83
WP_011906375.1	83
WP_145916318.1	83
MBD2824371.1	83
WP_148731010.1	83
CAI33466.1	84
WP_050213231.1	84
MBQ2980623.1	84
AHB32311.1	85
WP_009584320.1	85
WP_180064661.1	85
QNX08747.1	85
WP_079547944.1	85
WP_106466208.1	85
AFW04757.1	86
WP_129382394.1	86
ABY48117.1	86
WP_205895854.1	86
WP_150738126.1	86
WP_005350292.1	86
TCS35093.1	86
EIA4708806.1	86
WP_206369925.1	86
WP_142606155.1	86
WP_145354056.1	86
OGB50064.1	86
WP_194703382.1	86
BCR39239.1	86
ADV17650.1	87
WP_000610526.1	87
EAO7566821.1	87
AVP93669.1	87
CAI32772.1	88
APZ79158.1	88
EHD83116.1	88
WP_163052351.1	88
WP_060418174.1	88
WP_125382933.1	88
WP_165993240.1	88
WP_203265798.1	88
WP_172601669.1	88
CAI33745.1	89
WP_065533017.1	89
WP_050250393.1	89
WP_172748485.1	89
ACV67289.1	90
AFW04785.1	90
WP_014605463.1	90
WP_054687551.1	90
WP_191152438.1	90
WP_063880154.1	90
WP_180395140.1	90
WP_038395439.1	90
ACD37058.1	91
BAQ01277.1	91
ACD37051.1	91
WP_113844927.1	91
EGK3310592.1	91
AAZ20761.1	92
WP_136196084.1	92
TNI12731.1	92
NVP03317.1	92
ABI55342.1	93
EGT3571951.1	93
WP_182038342.1	93
WP_043000203.1	93
WP_157957603.1	93
WP_107782612.1	93
WP_089188523.1	93
WP_106098831.1	93
ACD75809.1	94
BAQ01012.1	94
WP_134865955.1	94
WP_105270233.1	94
WP_085460847.1	94
CAI32957.1	95
WP_061814305.1	95
ADQ37335.1	96
ACA24821.1	96
ADN43894.1	96
ADQ37322.1	96
ACA24811.1	96
AFW04867.1	96
WP_166713992.1	96
WP_072714134.1	96
WP_218427038.1	96
WP_094762235.1	96
EAR2001077.1	96
EFF9697194.1	96
EEW3194231.1	96
WP_108569543.1	96
EBQ8563659.1	96
WP_053878957.1	96
EDQ3843937.1	96
WP_174562340.1	96
HAT8026753.1	96
AHB32614.2	97
WP_168727044.1	97
CAA43912.1	98
WP_001529369.1	98
WP_000936592.1	98
WP_000936591.1	98
ECG8607587.1	98
EWG75760.1	98
WP_225761310.1	98
WP_051644042.1	98
BAQ01860.1	99
BAL03056.1	99
AAL27339.1	99
KGM82069.1	99
AFN02899.1	100
MBO7127389.1	100
SHG15803.1	100
MCD8423126.1	100
WP_130275587.1	100
WP_147349917.1	100
MCB9256182.1	100
BAQ01982.1	100
ACA24882.1	101
ACA24868.1	101
WP_032214189.1	101
SAZ41822.1	101
WP_172616455.1	101
EUL60917.1	101
BBV65275.1	101
WP_148361789.1	101
WP_200142040.1	101
WP_225758459.1	101
HAW3394744.1	101
WP_225480721.1	101
ABG81806.1	102
BAQ02068.1	102
AJR19430.1	102
BAQ02224.1	102
EFH3908540.1	102
EBP3809362.1	102
WP_216977325.1	102
AEP25500.1	103
WP_000482333	103
BAG11898.1	103
AAV34523.1	103
WP_000482333.1	103
WP_187258758.1	103
EBQ4855951.1	103
WP_071698212.1	103
WP_025382884.1	103
WP_050088863.1	103
BAQ01456.1	104
EFH7882969.1	104
WP_046888363.1	104
WP_223952967.1	104
AHB32586.1	105
BAQ01516.1	105
WP_128111378.1	105
WP_048971144.1	105
ATF91965.1	105
EIL2489280.1	105
MCE2594066.1	105
ACD37072.1	106
EFB7588770.1	106
BBM62630.1	106
CAI32889.1	107
CAI32910.1	107
CAI34454.1	107
WP_050227795.1	107
WP_196967045.1	107
ACA24912.1	108
HBE6102621.1	108
WP_125357753.1	108
WP_216357555.1	108
BAQ01218.1	109
WP_126525114.1	109
EEW9015671.1	109
WP_200034518.1	109
WP_125339946.1	109
WP_167605960.1	109
ACA24764.1	110
ACA24754.1	110
RZY20022.1	110
MBE4101482.1	110
WP_157052984.1	110
CAI33798.1	111
CAI33774.1	111
WP_025174023.1	111
WP_103697837.1	111
WP_205395997.1	111
WP_170816446.1	111
WP_214379817.1	111
WP_135517332.1	111
WP_010747882.1	111
WP_114002921.1	111
CAI34254.1	112
CAI34177.1	112
CAI34198.1	112
CAI34217.1	112
CAI34236.1	112
CAI34388.1	112
VIU37569.1	112
WP_078846275.1	112
WP_221762777.1	112
RKV90743.1	112
WP_224218642.1	112
EMG32612.1	112
WP_050214882.1	112
AAC38177.1	113
AAL91079.1	113
AAL91080.1	113
AAL91081.1	113
AAL91082.1	113
WP_237703389.1	113
AGS07346.1	113
WP_048221118.1	113
EGT5610491.1	113
BAQ01716.1	114
WP_130099844.1	114
WP_105665137.1	114
WP_105662979.1	114
WP_106877393.1	114
WP_097551466.1	114
WP_131492549.1	114
WP_148384075.1	114
WP_096387970.1	114
ABF01010.1	115
ACK44379.1	115
AAM27546	115
SAK39322.1	115
WP_126324382.1	115
HAH3340906.1	115
WP_214222661.1	115
ETU87656.1	115
WP_053816951.1	115
AHB32242.2	116
WP_228138528.1	116
WP_000651325.1	116
WP_053142601.1	116
ACH97132.1	117
ACH97143.1	117
ABE98413.1	117
WP_096912745.1	117
ACV67297.1	118
AFW04684.1	118
EGY1756633.1	118
WP_200015063.1	118
WP_187252201.1	118
WP_163435987.1	118
EHA1124951.1	118
WP_222551728.1	118
AHB32462.1	119
WP_000965187.1	119
KEQ28943.1	119
WP_073405434.1	119
WP_151760660.1	119
WP_106479609.1	119
WP_097133847.1	119
ACD37046.1	120
ACD37037.1	120
WP_085458857.1	120
ADC54967.1	121
AFW04820.1	121
HAF2604735.1	121
MBA3113756.1	121
HAI2875311.1	121
WP_198813363.1	121
WP_166824133.1	121
BAQ02116.1	122
EFH7018751.1	122
WP_080271874.1	122
WP_169722499.1	122
AAY28257.1	123
EFC4083450.1	123
TNL09459.1	123
ACA24901.1	124
WP_227660009.1	124
WP_047620789.1	124
BAQ00893.1	125
WP_072310772.1	125
KEN43158.1	125
PBO11778.1	125
WP_074526664.1	126
ABD19779.1	126
WP_097435281.1	126
AHB32563.2	127
WP_151790100.1	127
WP_032023143.1	127
WP_171548623.1	127
WP_171339084.1	127
AXQ23909.1	127
AAN60459.1	128
EEX8529266.1	128
WP_135559430.1	128
WP_218467719.1	128
CAI34150.1	129
CAI34124.1	129
WP_050218449.1	129
MBQ9029074.1	129
MCD8221086.1	129
MBQ8987322.1	129
MBQ9027335.1	129
WP_104764330.1	129
WP_073226029.1	129
WP_137637837.1	129
BAQ01137.1	130
HAW0662410.1	130
CAI34057.2	131
CAI34032.1	131
WP_138005626.1	131
WP_060956154.1	131
WP_149556404.1	131
AJE24464.1	132
AFW04790.1	132
WP_213848124.1	132
HAT7498691.1	132
WP_181665260.1	132
WP_187655186.1	132
AAD50486.1	133
MCA7381528.1	133
WP_080320291.1	133
WP_072059006.1	133
BAQ00858.1	134
ACA24776.1	134
RWR01198.1	134
EHB0077756.1	134
EFF0768368.1	134
WP_080470520.1	134
WP_182295798.1	134
EGT0666651.1	134
ABI98966.1	135
AAV41072.1	135
WP_000961623.1	135
WP_196083558.1	135
WP_047355739.1	135
MCE0800529.1	135
HAS3626539.1	135
BAQ01702.1	136
WP_032219906.1	136
EHW0693039.1	136
CAI34099.1	137
CAI34498.1	137
CAI34475.1	137
WP_219589636.1	137
WP_208562073.1	137
WP_050208692.1	137
AAT28922.1	138
AAR24270.1	138
WP_214271335.1	138
EES6290913.1	138
WP_161709924.1	138
AHB32283.1	139
WP_131325943.1	139
WP_140964847.1	139
WP_171255263.1	139
EHX11459.1	140
AFC91458.1	140
AFC91419.1	140
AAX07747.1	140
WP_032678516.1	140
WP_097177223.1	140
WP_059358481.1	140
WP_182322953.1	140
WP_130909445.1	140
AAM27766	141
AAM27645	141
WP_058179072.1	141
HHI93670.1	141
WP_222829171.1	141
WP_023120369.1	141
MBT9138911.1	141
BAQ01386.1	142
HBL8904731.1	142
KLQ81899.1	142
BAQ00994.1	143
AFW04837.1	143
EIP1107604.1	143
WP_105375272.1	143
WP_064512184.1	143
WP_072693157.1	143
EAA2775753.1	143
WP_149012607.1	143
BAQ01812.1	144
WP_201736063.1	144
BAQ01361.1	145
CAS09721.1	145
AAR90892.1	145
WP_000983273.1	145
EHG6208956.1	145
WP_111465387.1	145
WP_001206792.1	145
EIM7627316.1	145
WP_001583055.1	145
WP_160882407.1	145
ABE98437.1	146
ABI98986.1	146
ABU80601.1	146
EFC9767759.1	146
BBM62823.1	146
WP_052201295.1	146
WP_089645086.1	146
QEP40525.1	146
OKZ17413.1	146
WP_147331724.1	146
WP_167351909.1	146
WP_143959153.1	146
WP_199959343.1	146
WP_151812956.1	146
WP_199946684.1	146
ABI34565.1	147
WP_000700061.1	147
MCE1517981.1	147
WP_046359765.1	147
WP_166713320.1	147
AHB32490.1	148
WP_154321199.1	148
OSY54940.1	148
WP_004843709.1	148
WP_171545848.1	148
WP_124794099.1	148
BAQ00653.1	149
WP_230607872.1	149
HAT7486851.1	149
WP_000639866.1	149
AHG15281.1	150
AFD18613	150
AAX58762.1	150
AFW04668.1	150
EFF4968295.1	150
WP_079771874.1	150
EHL3469409.1	150
ECF5995172.1	150
WP_079829148.1	150
AKH63228.1	150
CAI33105.1	151
CAI33048.1	151
CAI34733.1	151
CAI33084.1	151
CAI34436.1	151
WP_050119686.1	151
CIV98579.1	151
WP_125839089.1	151
WP_061415461.1	151
EJG84104.1	151
WP_080981092.1	151
WP_195227595.1	151
WP_102210927.1	151
WP_215770075.1	151
NQJ72111.1	151
WP_179941313.1	151
WP_027131060.1	151
WP_223329919.1	151
WP_203180356.1	151
WP_225204125.1	151
WP_216842914.1	151
WP_049523283.1	151
BAQ01960.1	152
WP_137586850.1	152
EGM8107999.1	152
WP_214605624.1	152
WP_148418225.1	152
CAI32705.1	153
WP_000672721.1	153
MBP3917179.1	153
WP_202321439.1	153
WP_206214675.1	153
WP_222704893.1	153
AFW04735.1	154
EAT8922683.1	154
AAN23041.1	155
AAN23078.1	155
AAN23057.1	155
WP_138775468.1	155
WP_057636168.1	155
WP_057649559.1	155
WP_212584288.1	155
WP_219650035.1	155
WP_050085977.1	155
WP_019082574.1	155
WP_072622924.1	155
PJD96600.1	155
WP_018577593.1	155
WP_158617416.1	155
BAQ02015.1	156
EHO3058610.1	156
WP_149010799.1	156
WP_124965817.1	156
WP_152996897.1	156
ADB02825.1	157
WP_021569439.1	157
RJX72377.1	157
WP_214759418.1	157
BAQ01999.1	158
EHW5329997.1	158
WP_036933329.1	158
ARO72924.1	158
EIL2643715.1	158
CAI33652.1	159
CAI33675.1	159
WP_044813608.1	159
WP_045501331.1	159
WP_037605573.1	159
WP_014714045.1	159
AAD45264.1	160
AAM27574	160
WP_193377759.1	160
MCE2629405.1	160
WP_192929285.1	160
MBG7460628.1	160
WP_200869145.1	160
WP_207927132.1	160
WP_170987081.1	160
BAQ01641.1	161
HAH9654961.1	161
WP_065168980.1	161
TNH77921.1	161
WP_065193419.1	161
AFW04847.1	162
WP_116238113.1	162
WP_107302913.1	162
BAQ00957.1	163
BAQ01687.1	163
EGN3749515.1	163
HAH9682453.1	163
WP_212477822.1	163
CAI33941.1	164
CAI33890.1	164
CAI33915.1	164
WP_050238631.1	164
WP_169447179.1	164
ABB04486.1	165
WP_024242993.1	165
WP_200111793.1	165
WP_213238837.1	165
BCO13070.1	165
WP_007681735.1	165
EGT5733709.1	165
WP_080320359.1	165
KAA6051568.1	165
MRS92328.1	165
WP_023624152.1	165
AAK60458.1	166
HBD0591629.1	166
EGW69750.1	166
VVY79035.1	166
EFG6470853.1	166
EEQ1609719.1	166
WP_220394820.1	166
WP_227658377.1	166
WP_119564788.1	166
ACA24890.1	167
WP_023486665.1	167
BAQ01238.1	168
OEF43733.1	168
WP_179785008.1	168
WP_107236766.1	168
WP_158135141.1	168
WP_161470509.1	168
BAQ00634.1	169
AXY99336.1	169
WP_109398942.1	169
HAT6271869.1	169
WP_089541576.1	169
BAQ00830.1	170
MBV8502044.1	170
QMM74995.1	170
WP_171021444.1	170
AFW04716.1	171
EDV9741632.1	171
WP_042307490.1	171
EAW5735634.1	171
HAM8904139.1	171
ACD36996.1	172
ACD36984.1	172
EFV6095475.1	172
EFG8839864.1	172
ABX51892.1	173
KAB0856691.1	173
HEW45958.1	173
WP_152298626.1	173
NDK08604.1	173
NLZ75496.1	173
WP_230350754.1	173
WP_089526641.1	173
BAQ01878.1	174
WP_033560997.1	174
WP_102329591.1	174
ABA42232.1	175
EFB7606573.1	175
CAI33207.1	176
CAI33128.1	176
CAI33149.1	176
CAI33169.1	176
CAI33188.1	176
WP_044812585.1	176
WP_054382955.1	176
WP_050076590.1	176
BAQ00746.1	177
AFW04888.1	177
WP_076166215.1	177
WP_208462997.1	177
WP_167820090.1	177
HAU3120060.1	177
WP_049281935.1	177
AHB32267.1	178
WP_182004423.1	178
WP_054580615.1	178
BAQ00780.1	179
WP_059332957.1	179
MBG3012022.1	179
EII3283386.1	179
WP_155662553.1	179
BAQ01894.1	180
WP_112027026.1	180
ANF30189.1	180
CAI33278.1	181
CAI33226.1	181
CAI33252.1	181
CAI34753.1	181
CAI34613.1	181
VPT20589.1	181
WP_099778220.1	181
BAQ00758.1	182
SPY78922.1	182
WP_144330269.1	182
CAI32727.1	183
CKI58892.1	183
WP_010976418.1	183
WP_205397345.1	183
WP_080983030.1	183
BAQ00736.1	184
WP_107533350.1	184
EIQ0732135.1	184
WP_213785642.1	184
WP_046359762.1	184
BAQ01317.1	185
WP_001002891.1	185
EGZ6657556.1	185
WP_213327966.1	185
WP_064326661.1	185
MBB1201479.1	185
WP_041689695.1	185
WP_039295133.1	185
BAQ01917.1	186
WP_164530251.1	186
WP_033555298.1	186
BAQ01419.1	187
HAX3427212.1	187
BAQ01793.1	188
WP_157830561.1	188
HAI8688269.1	188
AAV74543.1	189
WP_001468901.1	189
WP_097743917.1	189
HAT2256308.1	189
EAN1750365.1	189
AGM38627.1	189
AHB32386.1	190
WP_086391195.1	190
ADI43271.1	191
WP_149451547.1	191
WP_117120953.1	191
WP_200561351.1	191
WP_123822875.1	191
WP_061350267.1	191
WP_023307298.1	191
WP_163920861.1	191
WP_213222145.1	191
WP_214220209.1	191
WP_064374844.1	191
BAI43724.1	191
WP_227953571.1	191
AHB32411.1	192
WP_110974445.1	192
WP_151813787.1	192
WP_201686691.1	192
WP_016722087.1	192
WP_139102916.1	192
WP_138928581.1	192
WP_144035963.1	192
WP_200222840.1	192
AAY28249.1	193
WP_080394425.1	193
WP_109948669.1	193
WP_001385866.1	193
WP_123220785.1	193
CAA43077.1	194
AAB48190.1	194
WP_000231472.1	194
AGS07316.1	194
AGS07327.1	194
AGS07363.1	194
WP_223230642.1	194
WP_075262185.1	194
WP_045444631.1	194
WP_166734601.1	194
QBL48669.1	194
HAT1682863.1	194
ACH97152.1	195
EIG4846627.1	195
AAM27879	196
WP_119537153.1	196
NIM30849.1	196
AAO37717.1	197
AFW04802.1	197
EGU6736122.1	197
WP_158642084.1	197
MBY8061211.1	197
WP_192034465.1	197
ADJ19203.1	198
EAC1391332.1	198
ACA24829.1	199
AAS98031.1	199
WP_130996601.1	199
AAK64372.1	200
EGR73751.1	200
WP_124591027.1	200
WP_130975594.1	200
WP_072253080.1	200
WP_148790641.1	200
WP_162625789.1	200
AAZ91245.1	201
AAG17411.1	201
BAQ01780.1	202
WP_162720964.1	202
ACD37117.1	203
ACD37111.1	203
WP_162754362.1	203
HAU6416125.1	203
WP_201889389.1	203
CAI34680.1	204
WP_214263175.1	204
WP_050237661.1	204
BAQ00812.1	205
WP_053888916.1	205
ABZ79721.1	206
ABB65530.1	206
HAW7655927.1	206
MBT1803244.1	206
WP_187799348.1	206
BAQ00927.1	207
WP_115430540.1	207
CAI34544.1	208
CAI34641.1	208
WP_223331310.1	208
KXT90867.1	208
CAI33718.1	209
MBP5842394.1	209
RXI21056.1	209
VOG17159.1	209
PIO80417.1	209
BAQ02088.1	210
WP_021499272.1	210
WP_130985655.1	210
CAI33983.1	211
CAI33966.2	211
CAI34407.1	211
WP_050220594.1	211
MBS6818805.1	211
ABE98419.1	212
ADN43845.1	212
HAV9176318.1	212
WP_050323507.1	212
PSV32328.1	212
CAI33324.1	213
CAI33366.1	213
CAI33389.1	213
WP_054391329.1	213
WP_061748111.1	213
ACD75796.1	214
EEW2106558.1	214
WP_102328495.1	214
EKT63117.1	214
WP_095530516.1	214
EGR2552338.1	214
WP_155738228.1	214
WP_102084158.1	214
WP_156351981.1	214
ADC54974.1	215
EHB3785347.1	215
EBR2489397.1	215
EAA9318623.1	215
HBA4961563.1	215
CAI32935.1	216
CAI32867.1	216
WP_205016881.1	216
MBR2550729.1	216
WP_225208402.1	216
WP_105113439.1	216
MCE2233908.1	216
ADN43858.1	217
WP_001613357.1	217
WP_061069883.1	217
ABB29906.1	218
ABB29916.1	218
HAN9677774.1	218
WP_045499807.1	218
WP_047480362.1	218
WP_158642090.1	218
BAQ01155.1	219
EHH4352490.1	219
ADI59429.1	220
ADI59445.1	220
WP_057533503.1	220
WP_049598626.1	220
AAZ85718.1	221
EEV9868844.1	221
WP_222839913.1	221
EGB44387.1	221
CAI32797.1	222
WP_000445844.1	222
WP_171035968.1	222
BAQ01584.1	223
WP_222701647.1	223
WP_016238111	224
WP_114077835.1	224
WP_186413210.1	224
AIG62747.1	225
WP_001054703.1	225
CAI33441.1	226
EJP22782.1	226
WP_173751066.1	226
WP_148887602.1	226
BAQ01114.1	227
HBB8498476.1	227
BAQ02048.1	228
EHO2937437.1	228
WP_210850495.1	228
ADN43871.1	229
HBD4940543.1	229
BAQ01659.1	230
WP_024240308.1	230
